,title,company,salary,summary
0,Social Media Coordinator,ATMA Journey Centers Inc.,"$40,000 - $55,000 a year","The position would start with 15-20 hours per week with the opportunity to move full time for the right person.Job Types: Full-time, Part-time, Permanent."
1,,Compugen Inc,,They will have diverse technical skills and deep understanding of system functionality making them leaders in the Information Technology industry.
2,Banking Associate,CWB Financial Group,,Banking Associates are part of a developmental program designed to equip new graduates with a foundation for a commercial banking career.
3,Finance and Accounting Student,Suncor Energy Services,,Obtain a deep understanding of Suncor’s business processes and procedures.Obtain a deep understanding of Suncor’s supply & trading settlements processes.
4,"Director, Cloud and Infrastructure Platforms",Suncor Energy Services,,"A demonstrated deep domain knowledge with industry and competitive trends in the cloud space, with ability to find opportunities to leverage new technology to…"
5,Full Stack Developer,Integrity Technology Solutions,"$70,000 - $100,000 a year","You love to keep up on current technology trends and have passion for life long learning.Reporting to the Director of Technology, Integrity Technology…"
6,Reliability Team Leader,Suncor Energy Services,,"A deep understanding of process equipment and design, operations and failure modes.As we’ve recently announced, we are moving our Toronto-area Downstream…"
7,Contact Centre Training and Quality Assurance Leader,Mayfair Diagnostics,,Use a variety of instructional techniques to maximize learning effectiveness.You have a deep understanding of call centre technologies and QMS (quality…
8,Recruitment Specialist,IT/IQ Tech Recruiters,,Are you being underutilized in your current role? Do you have sales and recruitment abilities that you want to grow exponentially? Join an industry leader in…
9,"Director, Talent Management and Development",Worley,,"Provide expert advice and guidance to regional executive and senior leaders on talent management, learning and development, and employee experience strategies."
10,Greenhouse Lab Experience Designer,Deloitte,,Proven proficiency with technology and ability to learn about evolving technologies and collaboration tools; (lifelong learning mindset).
11,Street Outreach Coordinator,Canadian Mental Health Association - Calgary Regio...,,A deep commitment to and understanding of harm reduction and the recovery model of care.HOURS OF WORK: 35 hours per week (with flexibility).
12,"Associate (Credit Analyst), Canadian Commercial Banking, Div...",BMO Financial Group,,"Applies deep expertise in bank products, processes and systems and effectively trouble shooting to ensure a high-quality client experience."
13,Document Automation Specialist,Athennian,,Developed a deep understanding of all standard legal document precedents.Developed training materials and exercises to assist customers learning syntax.
14,Executive Assistant,Deloitte,,"As an Executive Assistant, you will provide administrative support for 3-5 Partners and/or Directors.You will work alongside your partners to proactively…"
15,Social Media Coordinator,ATMA Journey Centers Inc.,"$40,000 - $55,000 a year","The position would start with 15-20 hours per week with the opportunity to move full time for the right person.Job Types: Full-time, Part-time, Permanent."
16,,Compugen Inc,,They will have diverse technical skills and deep understanding of system functionality making them leaders in the Information Technology industry.
17,Banking Associate,CWB Financial Group,,Banking Associates are part of a developmental program designed to equip new graduates with a foundation for a commercial banking career.
18,Finance and Accounting Student,Suncor Energy Services,,Obtain a deep understanding of Suncor’s business processes and procedures.Obtain a deep understanding of Suncor’s supply & trading settlements processes.
19,"Director, Cloud and Infrastructure Platforms",Suncor Energy Services,,"A demonstrated deep domain knowledge with industry and competitive trends in the cloud space, with ability to find opportunities to leverage new technology to…"
20,Full Stack Developer,Integrity Technology Solutions,"$70,000 - $100,000 a year","You love to keep up on current technology trends and have passion for life long learning.Reporting to the Director of Technology, Integrity Technology…"
21,Reliability Team Leader,Suncor Energy Services,,"A deep understanding of process equipment and design, operations and failure modes.As we’ve recently announced, we are moving our Toronto-area Downstream…"
22,Contact Centre Training and Quality Assurance Leader,Mayfair Diagnostics,,Use a variety of instructional techniques to maximize learning effectiveness.You have a deep understanding of call centre technologies and QMS (quality…
23,Recruitment Specialist,IT/IQ Tech Recruiters,,Are you being underutilized in your current role? Do you have sales and recruitment abilities that you want to grow exponentially? Join an industry leader in…
24,"Director, Talent Management and Development",Worley,,"Provide expert advice and guidance to regional executive and senior leaders on talent management, learning and development, and employee experience strategies."
25,Greenhouse Lab Experience Designer,Deloitte,,Proven proficiency with technology and ability to learn about evolving technologies and collaboration tools; (lifelong learning mindset).
26,Street Outreach Coordinator,Canadian Mental Health Association - Calgary Regio...,,A deep commitment to and understanding of harm reduction and the recovery model of care.HOURS OF WORK: 35 hours per week (with flexibility).
27,"Associate (Credit Analyst), Canadian Commercial Banking, Div...",BMO Financial Group,,"Applies deep expertise in bank products, processes and systems and effectively trouble shooting to ensure a high-quality client experience."
28,Document Automation Specialist,Athennian,,Developed a deep understanding of all standard legal document precedents.Developed training materials and exercises to assist customers learning syntax.
29,Executive Assistant,Deloitte,,"As an Executive Assistant, you will provide administrative support for 3-5 Partners and/or Directors.You will work alongside your partners to proactively…"
30,Social Media Coordinator,ATMA Journey Centers Inc.,"$40,000 - $55,000 a year","The position would start with 15-20 hours per week with the opportunity to move full time for the right person.Job Types: Full-time, Part-time, Permanent."
31,,Compugen Inc,,They will have diverse technical skills and deep understanding of system functionality making them leaders in the Information Technology industry.
32,Banking Associate,CWB Financial Group,,Banking Associates are part of a developmental program designed to equip new graduates with a foundation for a commercial banking career.
33,Finance and Accounting Student,Suncor Energy Services,,Obtain a deep understanding of Suncor’s business processes and procedures.Obtain a deep understanding of Suncor’s supply & trading settlements processes.
34,"Director, Cloud and Infrastructure Platforms",Suncor Energy Services,,"A demonstrated deep domain knowledge with industry and competitive trends in the cloud space, with ability to find opportunities to leverage new technology to…"
35,Full Stack Developer,Integrity Technology Solutions,"$70,000 - $100,000 a year","You love to keep up on current technology trends and have passion for life long learning.Reporting to the Director of Technology, Integrity Technology…"
36,Reliability Team Leader,Suncor Energy Services,,"A deep understanding of process equipment and design, operations and failure modes.As we’ve recently announced, we are moving our Toronto-area Downstream…"
37,Contact Centre Training and Quality Assurance Leader,Mayfair Diagnostics,,Use a variety of instructional techniques to maximize learning effectiveness.You have a deep understanding of call centre technologies and QMS (quality…
38,Recruitment Specialist,IT/IQ Tech Recruiters,,Are you being underutilized in your current role? Do you have sales and recruitment abilities that you want to grow exponentially? Join an industry leader in…
39,"Director, Talent Management and Development",Worley,,"Provide expert advice and guidance to regional executive and senior leaders on talent management, learning and development, and employee experience strategies."
40,Greenhouse Lab Experience Designer,Deloitte,,Proven proficiency with technology and ability to learn about evolving technologies and collaboration tools; (lifelong learning mindset).
41,Street Outreach Coordinator,Canadian Mental Health Association - Calgary Regio...,,A deep commitment to and understanding of harm reduction and the recovery model of care.HOURS OF WORK: 35 hours per week (with flexibility).
42,"Associate (Credit Analyst), Canadian Commercial Banking, Div...",BMO Financial Group,,"Applies deep expertise in bank products, processes and systems and effectively trouble shooting to ensure a high-quality client experience."
43,Document Automation Specialist,Athennian,,Developed a deep understanding of all standard legal document precedents.Developed training materials and exercises to assist customers learning syntax.
44,Executive Assistant,Deloitte,,"As an Executive Assistant, you will provide administrative support for 3-5 Partners and/or Directors.You will work alongside your partners to proactively…"
45,Social Media Coordinator,ATMA Journey Centers Inc.,"$40,000 - $55,000 a year","The position would start with 15-20 hours per week with the opportunity to move full time for the right person.Job Types: Full-time, Part-time, Permanent."
46,,Compugen Inc,,They will have diverse technical skills and deep understanding of system functionality making them leaders in the Information Technology industry.
47,Banking Associate,CWB Financial Group,,Banking Associates are part of a developmental program designed to equip new graduates with a foundation for a commercial banking career.
48,Finance and Accounting Student,Suncor Energy Services,,Obtain a deep understanding of Suncor’s business processes and procedures.Obtain a deep understanding of Suncor’s supply & trading settlements processes.
49,"Director, Cloud and Infrastructure Platforms",Suncor Energy Services,,"A demonstrated deep domain knowledge with industry and competitive trends in the cloud space, with ability to find opportunities to leverage new technology to…"
50,Full Stack Developer,Integrity Technology Solutions,"$70,000 - $100,000 a year","You love to keep up on current technology trends and have passion for life long learning.Reporting to the Director of Technology, Integrity Technology…"
51,Reliability Team Leader,Suncor Energy Services,,"A deep understanding of process equipment and design, operations and failure modes.As we’ve recently announced, we are moving our Toronto-area Downstream…"
52,Contact Centre Training and Quality Assurance Leader,Mayfair Diagnostics,,Use a variety of instructional techniques to maximize learning effectiveness.You have a deep understanding of call centre technologies and QMS (quality…
53,Recruitment Specialist,IT/IQ Tech Recruiters,,Are you being underutilized in your current role? Do you have sales and recruitment abilities that you want to grow exponentially? Join an industry leader in…
54,"Director, Talent Management and Development",Worley,,"Provide expert advice and guidance to regional executive and senior leaders on talent management, learning and development, and employee experience strategies."
55,Greenhouse Lab Experience Designer,Deloitte,,Proven proficiency with technology and ability to learn about evolving technologies and collaboration tools; (lifelong learning mindset).
56,Street Outreach Coordinator,Canadian Mental Health Association - Calgary Regio...,,A deep commitment to and understanding of harm reduction and the recovery model of care.HOURS OF WORK: 35 hours per week (with flexibility).
57,"Associate (Credit Analyst), Canadian Commercial Banking, Div...",BMO Financial Group,,"Applies deep expertise in bank products, processes and systems and effectively trouble shooting to ensure a high-quality client experience."
58,Document Automation Specialist,Athennian,,Developed a deep understanding of all standard legal document precedents.Developed training materials and exercises to assist customers learning syntax.
59,Executive Assistant,Deloitte,,"As an Executive Assistant, you will provide administrative support for 3-5 Partners and/or Directors.You will work alongside your partners to proactively…"
60,Social Media Coordinator,ATMA Journey Centers Inc.,"$40,000 - $55,000 a year","The position would start with 15-20 hours per week with the opportunity to move full time for the right person.Job Types: Full-time, Part-time, Permanent."
61,,Compugen Inc,,They will have diverse technical skills and deep understanding of system functionality making them leaders in the Information Technology industry.
62,Banking Associate,CWB Financial Group,,Banking Associates are part of a developmental program designed to equip new graduates with a foundation for a commercial banking career.
63,Finance and Accounting Student,Suncor Energy Services,,Obtain a deep understanding of Suncor’s business processes and procedures.Obtain a deep understanding of Suncor’s supply & trading settlements processes.
64,"Director, Cloud and Infrastructure Platforms",Suncor Energy Services,,"A demonstrated deep domain knowledge with industry and competitive trends in the cloud space, with ability to find opportunities to leverage new technology to…"
65,Full Stack Developer,Integrity Technology Solutions,"$70,000 - $100,000 a year","You love to keep up on current technology trends and have passion for life long learning.Reporting to the Director of Technology, Integrity Technology…"
66,Reliability Team Leader,Suncor Energy Services,,"A deep understanding of process equipment and design, operations and failure modes.As we’ve recently announced, we are moving our Toronto-area Downstream…"
67,Contact Centre Training and Quality Assurance Leader,Mayfair Diagnostics,,Use a variety of instructional techniques to maximize learning effectiveness.You have a deep understanding of call centre technologies and QMS (quality…
68,Recruitment Specialist,IT/IQ Tech Recruiters,,Are you being underutilized in your current role? Do you have sales and recruitment abilities that you want to grow exponentially? Join an industry leader in…
69,"Director, Talent Management and Development",Worley,,"Provide expert advice and guidance to regional executive and senior leaders on talent management, learning and development, and employee experience strategies."
70,Greenhouse Lab Experience Designer,Deloitte,,Proven proficiency with technology and ability to learn about evolving technologies and collaboration tools; (lifelong learning mindset).
71,Street Outreach Coordinator,Canadian Mental Health Association - Calgary Regio...,,A deep commitment to and understanding of harm reduction and the recovery model of care.HOURS OF WORK: 35 hours per week (with flexibility).
72,"Associate (Credit Analyst), Canadian Commercial Banking, Div...",BMO Financial Group,,"Applies deep expertise in bank products, processes and systems and effectively trouble shooting to ensure a high-quality client experience."
73,Machine Learning Architect,Qube Technologies Inc,,"Extensive experience productionizing deep learning models.Provide guidance on the development, enhancement, optimization, and maintenance of deep learning…"
74,Document Automation Specialist,Athennian,,Developed a deep understanding of all standard legal document precedents.Developed training materials and exercises to assist customers learning syntax.
